"INORDER R20 DUMATING R40, ANONG KLASE YAN, SANA CHINENCK NYONA MUNA BAGO NYO ISHIP OUT, NAKAKAINIS LANG ANG DAMI KO PA NAMAN INORDER. INORDER R20 DUMATING R40, ANONG KLASE YAN, SANA CHINENCK NYONA MUNA BAGO NYO ISHIP OUT, NAKAKAINIS LANG ANG DAMI KO PA NAMAN INORDER. INORDER R20 DUMATING R40,"
Wrong items. I ordered R20 but the seller deliver R40. Sayang i ordered 3 pieces pa naman tapos lahat mali. Madaya si seller. And di maayos mkipag usap sa chat. Nakaka disappointed. ??????????????????????????????????????????????????????????????????????????????????????????????????????????????????????
This is my third time ordering from the same shop. So far the service is good but this time the one I received was not the variation I ordered. I order r20 but on the packaging is r20
Lahat ng dineliver alang nagamit??God bless nalang po?? Lahat ng dineliver alang nagamit??God bless nalang po?? Lahat ng dineliver alang nagamit??God bless nalang po??bh
Right packaging for the wrong item it is R40 not R20. It has good sound quality yet disappointed for the wrong item. It was shipped immediately yet still disappointed for the wrong item. The seller is responsive yet still disappointed with the wrong item.
Maganda naman yung ibang item ang probem lang yung isa may sira agad siya. Putol yung isang end tas di gumagana walang audio.
There's one with right piece in one can i get a replacement to R40?
"Both earphones are not working. Sent messages to the seller but are only being ignored. Packaging also states ""built-in magnets"" for the earbuds where in fact, they are not."
"sa mga magbabalak pang bumili, WAG NA :)) dahil lang sa curiosity q bumili aq neto pero di nagana, ansaki sa puso char pero expected naman dahil sa price hehe !! so WAG PO BUMILI NETO >:"
Walang built in magnet guys! HAHAHAHAHAHA tyaka ibang iba sa itsura sa picture.
"Sulit na yung price pero yung quality hindi gaano katibay, bigla agad napuputol yung sound pag nagagalaw and wire, hindi tuloy ako makapanood ng PH."
Disappointed ?????? why did you ship out the product ??? No case. Please refund ????
Ok naman sya wala namanng problem a mabagal lng shipping thanks nalng aa seller sana tumagal heheh malakas din music nya
"Napakanipis. Wag gantong earphone bilhin nyo, sira yung kabilang bud sobrang hina ng tunog. Mura pero di sulit dahil defective. Hays."
"Di gumagana?? Sana tinesting nio po muna.. Dalawa pa naman binili ko.,Kaloka naman magbalik ng item."
Bought it for only 28 pesos. EDIT: FOR ONLY 2 WEEKS SIRA NA AGAD. MAGTAKE RISK KAYO KUNG GUSTO NIYO. PERO DAHIL NGA MURA MADALI MASIRA.
sabi built in magnets scam lang pala hindi na ako magtataka sa presyo nakakadismaya salamat nalang sa nagdeliverrrrrr
"Nakakabwisit naman, sabi sa description REALME pero ano itong product ninyo yung nabibili lang sa kalsada. ISA KAYONG MALAKING BUDOL!!!!! BUDOL BUDOL BUDOL BUDOL BUDOL"
"Huwag na kayo umorder dito damaged pareho ang nabili ko. Hindi pwedeng pantawag. Yung isangf R20 pwede pang Music pero choppy pag pang calls. Yung R89, nag coconnect then didisconnect paulit ulit ng kusa. WASTE OF MONEY. HINDI din RESPONSIVE angf seller."
Ang pangit may sira siya. Sana next time po tignan niyo muna ang product sayang naman to hindi na magamit ang mic. But ang sound okay lang naman ang mic lang talaga pati ang pindutan 
Gags umorder ako ng Realme buds R40 dumating R95. Tsaka sira sira yung dulo ng jack at ampangit ng sounds mas maganda pa yung samsung na nabili ko sa kanto meghad. Soo disapointed naloko ako ng rating at wag na kayu bumili sayang pera.. Dagdag stress hayyys
I'm not pleased with the item. Worst one for sure. It'll be a bother to return it because i need to spend more to return this piece of junk.
Nice dumating ng hindi naman natunog ahaha!! Tamad pa delivery driver magpunta sa mismo bahay naman awit Di bale test lang naman kung maganda ung product 1 star lang
Isa lang po gumagana sa headset yung left side lang po kala ko pa naman po maayos at magagamit useless pala sayang lang din pera hayssss.
Black inorder ko white dumating then grounded agad wag kayo oorder dito adik yung seller
Very disappointed ?? magnetic po Yung inorder ko bat iba po Yung laman Ng package this my second pa Naman na omoder in this shop looks like Hindi na mauulit why Naman po ganun seller
iba ung isang pinadala tapos ayaw pa gumana :((( need pa naman online class
Sabog ang tunog
Sira at hindi gumagana ibang item pa pinadala nila ibang item na nga sira pa at dipa gumagana
Sa susunod po sana mag deliver Kay J n t huwag nyo iabot sa bata dahil Hindi niya alam kung saan iniwan ung parcel ko.
Dati po syang stereo ngayon hindi na po
Not recommended to buy this item... Low and poot quality
Cannot use in call for listening music only
THE ITEM WAS BROKEN!!!!!!! I CAN'T EVEN USE THE MIC
??????????????????
angbilis masira ahahahahah sayang 55 ko
Hindi gumana
Hays buhay
Broke 10 days after
R20 ang lagayan tas R40 ang laman. Basag pa ng sound. Galing naman. Binabayaran naman ng kumpleto.
"not working, tried to contact the seller but they were unresponsive :)"
Sayang 30 pang load din sana
DI GUMAGANA!!!
Sound like a tin can!
I ordered a headset that is supposed to have a magnet I have received one without magnets.
Mura nga mapapamura ka dn! Sira ung isa lintik di muna chineck! I will definitely report this seller even this is small amount!
"Isang araw lang nagamit, sira na agad"
"This is Timo po. I ordered earphones from you with a quantity of 3 but as I recieved my order and opened it, it turns out that there is only 1 earphone in the package. The package was too big and too wide that's why I'm unhappy to know that 2 of the earphones are missing. Please do deliver the 2"
Sabi built in magnet di naman tsssk??
"Lahat ng earphones na yan lahat sira, Anong klaseng seller kayo, nagtitinda kayo ng mga sirang earphones..Sayang lang pero ko.."
Unang gamit sira agad ??
item was no longer working 2 days after shipment.
Sira naman yung earphones walang kwenta sayang lang pera ko bwisit......??
"Pangit ng tunog, Sabog ung sounds,"
Kung nag galing ka sa original earphone wag muna try to like me na galing sa original walang left right sounds sira pa pinadala di ko na no refund mura lang naman at ok lang pero wag kana tumuloy order like a toy men
Basag ang boses??????
Panget quality ng r20 pero yung iba maganda
"Wala Yung isang rubber sa Left side, tapus Ang tagal ng delivery, Kung saan saan pa dinala.. same QC Lang din Naman."
Hindi maganda yung earphone hindi gumagana yung isa tapos yung sabi magmetic pero hindi naman
Wrong product
Ngetpa quality. ????
Microphone not working
Very disappointed.
Ginamit ko sya but 1week after hindi na sya gumagana. I was disappointed.
Defective item tunog chipmunks dineliver nyo sa akin
Sira kaagad
MALI YONG BINIGAY!
Pag dating maayos tapos nagalaw lang saglit sira na yung kanan di na tumutunog
ang bilis masira 3 days ko palang nagagamit sira na
Panget
Hindi gumagana yung isang pares ng isang earphone! Sana ma refund pa.
Very disappointed.. Mic not functioning not magnetic. sana po u tried it before shipping out. Tanggal din yung yellow na nakaconnect sa earphones
"I ordered two. The other one came with two same right earbuds, so disappointing."
"Very very very unhappy.. Kung ano ung tela ng kurtina, ayon din ang tela ng bedsheet! Katsa texture po sya. And this should be terno, pero ung kurtina ko 1 pink at1 peach ang kulay. Dapat po 2 pink ito. Sana nag checheck ng orders para sa service man lang makabawi kayo ????????? Not buying again!!"
Subrang kupas ang kulor nya..iba sa pic..iba ang expictition dalawang order Kona Dito ganoon din Sa una kupas din ang kular??????
May isang curtain na may butas..ok nman sya maganda oorder pa ulit aqoh..sana sa susunod po pki check ponh mabuti nung items .para nman po hnd sayang ang perang pinambayad.
Sobrang panget ng kulay kupas na kupas na parang gmit na .??????????????????????. Sayang lang pera . wag na wag kau oorder dto nkaka disappoint . sobra . kagigil ???????????????????????? Balik nyo pera ko inyo na tong items panget na panget .. Nhhiya tuloy ako ibgay kay mama .. Kasi SOBRANG PANGET
Super disappointed!! Ang layo ng itsura sa sample picture nyo.. Nakakadismaya!! Kupas ang kulay parang luma na.. Sayang ang pera
"Sobrang iba nito sa pic at actual, kupas naa po xa parang ginamit na ..."
Mayabang Ang nag deliver subrang yabang
Napaka putla Ng kulay Hindi Naman Ito red parang binabad sa clorox not worth the money at Hindi maganda Ang qaulity
Napaka nipis Napaka faded ng kulay Malayo sa ads / Picture nila Naloko kami sa presyong mababa kailangan makaloko para kayo ay bumenta Ayusin nyo negosyo nyo. Di rin mg rereply yang seller na yan
Isa lang nagana sa left lang wag kayo bumili dito????????
"The product is not working, i tried to contact the seller but, he ignored my messages"
FAKE. BAD QUALITY tunog lata. Not magnetic. False advertising
Di gana yung mic
"Kulang po yung mga dumating na items samin, wala yung vivo micro cable, realme micro cable at realme type c cable. 2k+ binayaran namin pero kulang items ?? sana maipadala samin, oorder pa naman kami ulit dahil ok naman ang quality at packaging ng products nyo kulang lang talaga wala din iba sa pic"
Ang ganda sa una tas kinabukasan nasira din
Pagkalipas Ng isang araw garal gal na Yung Tunog Ng right..
"Hindi ba gumagana isang side e partida dalawa pa order ko tas built in magnets daw tapos wala naman scam amputek, may cable organizer daw tapos wala naman. Kulang kulang na dipa gumagana bulok!!"
"Wrong item shipped, what am I gonna do with this"
the earphones are not surround sound both piece plays right side audio and either lower volume or no sound at all for left side audio all 10 of them
Walang silbe hahahahahahahaha kung ayaw niyo mag sisi wag na bumili dito??????
"Sira yung isang earphone nirefund nga diman nagtanong manlang kung active ba shopee pay ko sayang lang diko magagamit sana kahit sa gcash nalang po, di sana ako magrarate ng ganto kung maayos lang din po kayo makipagusap seller. Sinunod ko req nyo na sirain ko yung earphone para marefund pero anyare"
This is my second time buying and still has the same issue as the last one... Left side wont work(if focused but if both it works) the sound quality is not that good but usable to some.. Not for me thanks probably wont order again ;;;
Picture not related*** I ordered 2 pcs Disappointed hindi gumagana ang mic ng both earphones. Though it only cost a little pero sana yung maayos din ang natatanggap ng buyer. I can't refund or return kais na order received na ng son ko without testing the mic of each item
Poor customer service.. ung ilang beses m n sinabi q Ng Anu ung concerns m Pero d nmn nasasagot Ng maayos ung concerns m.. Damage n ung dumating n tempered glass.. Pero wla MN lng matinong sagot and wlang mabigay n solutions regarding s concerns Ng customer.. Yung number nmn n binigay invalid naman
Hndi maayos ung earphones na isa paano to dalawa inorder ko ung isa sira!!!
Wlang kwenta yung earphone hndi ngamit syang Pera ko
Hnd po nagana
One star dahil 1 day ko lang nagamit ang headset kinabukasan di na gumagana..
"SOBRANG PANGET NG PRODUCT NILA DITO, NAG ORDER AKO NG DALAWANG EARPHONES DITO, SAME ANG SIRA, DI GUMAGANA ANG SPEAKER!!!"
"I admit the delivery was good, but I received defective earphone so I ask for refund, then this shop said cut it using scissor so I did, I cut the defective earphone! But until now they didn't refund my payment."
Maganda sana kasi mabilis ma deliver kaso pag gamit ko nag static agad and nag chat ako sa shop di nag reresponse kaya pag tyatyagaan ko nalang
Sabog ung audio and the left one doesnt work
"yung bumili ka kase gagamitin mo pag online class,tas di gumagana yung mic. kaya wag na kayo mag taka kung bat wanstar yan."
Bagsag po tempered glass
Na wawala ung sound minsan
"Low build quality, isang bagsak lang sira na"
Sabog pero nagagamit naman
Wrong items one time palang nagagamit ganyan na agad. Will not order again.
Trash product
KULANG PINADALA!!!! 3 ORDER KO ISA LANG DUMATING.! NAG MESSAGE AKO SA KANILA AND WALA MANLANG RESPOND!!! ANO KALA NUO SA PERANG BINAYAD NAMIN?? FREE!!!
Bakit di gumagana ang mic? Maganda yung tunog kaso di gumagana mic sayang lang wag kayo bumili sayang lang ang pera
"Update: Wala pang 1 week, sira na agad yung item. :)"
Sorry seller and Shopee product quality is poor thatÕs why itÕs cheap.??
Panget ng sounds at hindi gumana ang buttons niya. Hindi siya pwede pang music or pang call man lang. Sayang ang pera.
Mahina yung isang ear bud.
"Left side earphone not functioning, sinubukan na din sa 3 phones ganon pa din. Right side earphone lang ng earphone malakas at gumagana."
ang bilis pong nasira
Mahina sa realme 6pro ko
Sira agad amp
"Yung packaging nya wala bubble wrap buti hindi nasira nung narecieve ko, kaya pala mura sya yung tunog nya di okay pero salamat parin lagyan nyo po bubble wrap mga packaging nyo yung lang salamat"
Wag na kayong bumili dito bulok yung seller sira yung bini benta tapos d pa marunong gumawa ng paraan para maayos yung binenta nila first time ko makaranas neto kaya wag na kayong bumili dito d worth it masasayang pera nyo
"I bought two earphone and each earphone, the other side is not working."
:( nkklungkot ang hina.. sbagay cheaper price.. low quality..
the items are defective ??????
Bobo
im so disappointed 3 earphones pa naman binili ko para may stock aq tapos nung tinry ko lahat sa call umuugong siya like wtf expect na expect ako kanina pagka dating ilang araw ko pa inantay tapos ganito i will not order again
Its a fake hindi naman real me ung Earphone.
SIRA AGAD SYA HAHAHAA
"Disapointed lang kasi isa yung right ear nya, sabog yung tunog and naka usli yung wires nya aa right. Hays sobrang sayang lang"
Sira nung diniliver bulok sayang pera mo
Sira mic tapos ilang days lang nasira na pati yung earphones
defective parehas pinadala nu
"?? wow na wow,ayus ang galing ,ang tagal dumading ,17 Ko inorder pero 27 na dumating .ang Lupit idol..pero buti nalang gumagana sya at ok naman ..pero salamat padin kahut SUBRANG TAGAL DUMATING. Seller..1star Shoppe,Delivery..1 star lang kc d pwede ung zero sana. Kainis.."
Parehas right yung maririnig
"No protection sa product huhu sira din yung items ayaw gumana tapos yung isa putol yung cord,, pero nag send naman si seller ng pic bka sa shipping lang sya pero i hope na lagay sana ng protection next time para di sira pagdumating ??????"
panget ng item parehas di tumutunog wag kayong bibili dito napaka panget ng product
Hindi ko alam kung sira ba to pero ang sabi kase sa description stereo type sya na earphone pero mono lang sya means naka merge left and right sound. imbis na yong sound na para sa left ay sa left lang lalabas ganon din sa right.
Parehong kaliwa yung earphone
BEWARE of buying products to this store. They sell damaged items and doesn't refund you. Bought the item on sale and received a non-functioning one. doesn't worth returning so I throw it out. seller respond after days. So yeah. just heads up. They sell faulty items w/o checking the product.
Sira yung isa R40. Yung left lang gumagana then hindi pa sya nag mamagnet.
"First of all, if the price is to low don't expect for a good quality, 2nd I really don't recommend those categories cause they will give you the same thing as mine. Thank you."
Maling item yung pinadala ugaliing icheck bago ishipout nakakaabala kase pag ganyan ginagawa nyo
"unang order ng kaibigan ko parehong right nakuha nya, nung umorder naman ako parehong left naman, taena trinashtalk tuloy kami sa search and destroy sa cod, tinawag kaming bingi amp"
"Scratches, defective item late delivery, scam and rude seller."
"Sira po yung earphone, pawala wala sya tapos minsan hihina at lalakas tapos minsan mawawala nlg sya sa pag connect sa phone mo, siguro hinahagis ng mga jnt hnd kasi naka bubble wrap, hayss"
"Item received, I expected more in sound quality. 3 days after using it, still no stereo sound, poor quality product. Very disappointed!"
"Mahina ang isang side ng headset, marami ng comment maganda pero basag ang Bass."
Same right sounds fck
sira po yung left side ang pangit po ng sound quality at hindi comportable sa tenga
Maling item yung pinadala ugaliing icheck bago ishipout nakakaabala kase pag ganyan ginagawa nyo
"unang order ng kaibigan ko parehong right nakuha nya, nung umorder naman ako parehong left naman, taena trinashtalk tuloy kami sa search and destroy sa cod, tinawag kaming bingi amp"
"Scratches, defective item late delivery, scam and rude seller."
"Sira po yung earphone, pawala wala sya tapos minsan hihina at lalakas tapos minsan mawawala nlg sya sa pag connect sa phone mo, siguro hinahagis ng mga jnt hnd kasi naka bubble wrap, hayss"
"Item received, I expected more in sound quality. 3 days after using it, still no stereo sound, poor quality product. Very disappointed!"
"Mahina ang isang side ng headset, marami ng comment maganda pero basag ang Bass."
Same right sounds fck
sira po yung left side ang pangit po ng sound quality at hindi comportable sa tenga
Sayang pera..ang layo kumpara sa picture..tas machina tunog very disappointed 😞
defective :'((
1 lang gumagana parang more chances of winning if you buy more. buti nalang tatlo binili ko hahahah
I was very disappointed I bought 4pcs of these earphones tapos sira lahat ng mic ? Useless d magamit sa open mic games or call all mic are defected.. please dont buy these if you guys are into games using mic or gagamitin nyo for calls WASTE MONEY BETTER BUY SOMEWHERE ELSE
Low quality sound. Sabog tunog.
Both earphones were defective.One earphone only gave out the left input on both the buds and the other earphone only gave out the right input on both buds.Its like listening with a mono earphone. :/
Huwag na kayoo bumili dto siraa yung darating sainyooo pweeee...
Panget quality ng sound. Di nagana pag left side na ang kanta
WRONG and LOW QUALITY items and FAKE Realme Earphones! SELLER NOT RESPONSIVE!!!!
Panget ng item iba sa personal tunog lata at ang cheap ng itsura peke na peke tlga. Sabi sa post is realme pero ndi sya totoo.. its jafake
Madali siyang masira parang 2 days palang natanggal agad yung wire ng kanan
Not working
Ang panget ng quality ng product. What u see is not really what you get. Sana chinecheck nyo mga items kung nagana ba o hindi. Nakakadisappoint. Ilang beses na ko nag-order sa shopee pero sa shop lang na to ako nanlumo😤
Parehong left ang tunog malakas naman yun lang ang problema
"2 out of 5 are not working, pinaputol ni seller yung hindi gumagana para daw irefund tapos icancel din pala yung refund request ko. I know its cheap pero I paid for it and napaka unfair."
Panget misleading product realme nakalagay di naman realme panget sana ulam nyo
"Pwede na sa 28 pesos😅, mas malakas pa yung bass sa mismong tugtog. Pero mabait naman yung seller, and maganda naman yung packaging nung earphone nung dumating kahit walang bubble wrap mukhang maganda naman yung quality pero di ko talaga gusto yung tunog. 😅"
"Why 1 star only? Kasi hindi gumagana yung stereo ng earphones nato. Tinest ko sya sa left and right sound, hindi mo naririnig yung sounds sa right side puro sa left side, parang naka combine yung sounds, parang naka mono sound. Both naman gumagana kaso yung pagka stereo type ng earphones nato, wala."
"Bat naman sira ung pinadala nyo sakin? Balik nyo pera ko, nagsayang ako ng pera para sa sirang earphone nyo, nkakadismaya kau😭😭😭"
"Not worth buying, though the price defines its quality. I tried testing both left and right earplugs, and both works as a left earplug. Meaning, the right earplug has the left sound, and none of the earplugs has the right sound. 😔"
"Do not buy this earphones, the sound is very bad. Ganito yung mga nabibili s mga naglalako sa kalye."
I ordered R95 variant. Okay yung delivery para sakin medyo mabilis din naman. Ang problema lang is garalgal yung tunog as in walang quality yung sound lalo na sa mga songs. I'm requesting a refund or replacement of this item. Please be responsible for your business 🙂
"Poor quality. Sayang ang bayad. 2 pa naman inorder ko. ang daling nasira. Wala pang 1 week. Sorry, will not order again."
grounded amputik sayang hayst
"NEVER BUY HERE, NEVER AGAIN. ABULOY KO NA SA INYO YAN."
I will never order again in this shop! I just waste my money!!
The item i received isn't working i intend to return it but eventually due to my personal schedule i cannot go to any branch of j&t in our area so I'll just buy another one
Kapangit naman Tunog Lata naman!!!!!
Sira po agad
wew ok naman nagana naman kaso ung left earphone basag ung tunog useless haixt..
Honestly speaking I know its too much to expect quality product for a cheap price. But 2 out of the 4 earphones isn't working. Sana before pina ship tinest muna. Buti na lang mura lng ung nabili ko.
Sorry but the item that i received which is r 95 is not functioning may problema sa jack mismo
Kainis maganda pa yung 9 pesos earphone na nabili ko🤬🤬
the sound is bad parang tunog lata tas sabog yung tunog tas mahina pa will not order again
Sira yung isa
tapos kini click ko un refund kanina ayaw gumana! ska ayaw pa mag send ng photo! isesend ko talaga un sirang headset n 2 putol pang wire! nakakagigil! sana hindi na kayo nagtinda sayang 159! hindi na ako bibili ulit sa inyo! 0 star kayo dapat! hindi la binalik ng delivery piso ko!
"I was scammed. Akala ko ba realme, bat MSP MISSIPPI ito? Hahays. Not recommend to everyone. I'll post this sa Facebook."
3/10 pangit ng quality
Realme earphone inorder q ano tong dumating sken haist ka dismaya ok lng SNA price per SNA ndi na nilagay na realme brand pra ndi umasa mhina dn sounds nea kea ndi DN bkaka satisfied Wala DN update c seller ndi na aq mauulit dto
Some of items were defective. Fck u
May damaged yung earphone. Will not recommend to buy this item even though it has a name of realme.
Please refund my money !!! My order is R-95 but i get R-40?!!. Then sira pa yung sa tenga at grounded pa. Refund my money please.
"Clearly the package says stereo earphone but what i received is mono earphone. The seller doesn't give sh*t cause this is my 3rd order. The first is good, the second is mono so i refund it and this third one is sh*tty as the second one. Always check your order, do the left right test."
Di na dedetect tas ayaw pa gumana 😞
Baduy Ilang araw ko hinintay sira naman dumating sakin. Hahahhaaha baduy baduy. Buti mura lang.
"Tunog lata, kulob at sabog audio amp"
ok nmn ung item.. na disappoint lng aq sa quality.. d po sya kagandahan ang tunog.. d klarado.. pang ol games ko pa nmn ginagamit..
poor packaging... Ayusin naman sana sa sunod kase binibe ta nakin yan eh
"the earplugs aren't working properly, the left bud doesn't make sound & the overall audio is very choppy. won't recommend."
Parehas sira yung earphone na binigay sakin ni seller ano ba naman yan nakakadismaya
Mabilis masira
very disappointing !! 😤😔
I ordered four earphones. One was working and the other three are pure garbage. And guess what? The working one sounds like it's not even worth 30 pesos. lol. 
Not original. Quality is not good
Not so good shop mali mali yung dumating na item basag pa 2 kong TemperedGlass kulang pa ng isang earphones di pa ata marungong mag reply owner ng shop nato kasi kahit tad tatadin muna ng reklamo mo wala parin pakialam di marunong maging approachable nakaka inis boysit imbes na Kumita ako hindi.
I BOUGHT 2 EARPHONES AND 2 OF THEM ARE NOT WORKING
The L and R balance is scuffed. The left side almost has no sound lmao
Ang Tagal Dumatiing tapos Mumble Pa Yung Audio Never Buying Again
Wag kayong bibili dito haha buloks
taena nyo tagal nanga dumating item nyo may damage pa king ina nyo mga bugok
Hindi fit sa realme 6 pro ko
I jst try it nung dumatng kaso d tlaga gumana so i proces return refund but unfurtunately so much hassle and bz sa work as well so seller mesg me off telling me to cut off the wire of the headset so i could hv the refund pero wala haha lol need ko pa w return but thank u though not a good experience
I received my order and when look at it its not what i ordered and it was already open like it was replaced
Imitation lng pala. based on its price.
1 week ko lang nagamit nasira agad :(
Sssssssssssìiiiiiiiiiiiiiiiiiiirrrrrrrrrrrrrrrrrraaaaaaaaaaaaa
"5 days pa lang nagagamit sira na agad, sayang pera!"
Isa lang tumutunog
Tangina wag kayo bumili dito walang kwenta seller tas product sira sira padating sa inyo
Isa lang gumagana.
Sira yung product niyo
No item received but i paid for it
sound quality is so bad
Poor quality
Bulok yung mic
I will be honest to my comment! Im not satisfied to the quality of this product its cheap and the quality of sound is cheap too! Im disapointed with this products quality. I test the 3pcs that i bought its all same quality tunog lata yung sound nya. Sorry for my comment im just dissapointed. 
"Ang galing HAHAHA kararating lang tapos nung nag try along gamitin SIRA, ayaw gumana sayang pera wag na kayong bumili"
Order recieved after 3 days. I am disappointed with the item basag ang sound sa earpiece yung isa mahina ang sound. I hope sa susunod maging honest naman po kayo sa mga benebenta nyo. Yes mura nga ang item dahil naka promo daw. Pero halatang fake. Realme daw ang brand. Di rin maganda pagkabalot 😒
Yung sakabila nang earphones ko. Hi di guma gana .Sana po merong refund .ate.. Salamat po
earphone niyo bulok napakawalang kwenta good for 3 songs ampota
"Sira yung mic,rude seller grabe kung owede labg mag bigay bg 0 stars"
Ibang earphones na sa loob nang balot zz
Mic not working
sa details may volume control. nung dumating wlang volume control
The jack is tilted and the sound is cracked dont order the m39 earphone its sucks
Bulok ang pangit ng tunog sira sira pa yung beads
Aus isa lang ang legit n realme hahaha my puti n naligaw naubusan ba haahahah ok sana khit local n realme earphone hndi eh my naligaw eh 😂😂😂
Hindi nagana kaya bingay ko na lang sa ksama ko
Panget ng quality sounds
inorder ko earphones bakit ang dumating sakin phone case?! 
Good luck nalang sa bumili sa shop na to. Kahit na naka sale walang stock naka auto replace policy cla ibig basihin papadalhan ka ng ibang design kahit hind mo gusto🤬🤬🤬
"**OVERRATED** Where do i even start. 1. Diko pa nasusuot, isang laba lng bakbak na agad print 2. Hndi proportional ang sleeves, too long for its size. Prang 90s dugyot hiphopers 3. Seller took over 4days before the item was shipped out. Mas mganda pa kay Yshirts at 149php lng!"
Isang laba pa lang kahit hindi kinusutan at hinaluan ng Zonrox nasira agad yung design. May glitters pala siya at kumalat sa buong shirt. Sobrang nakakadisappoint maganda sana yung design at size kaso hindi pala quality.
HIPPING TOOK SO LONG. RECEIVED THE WRONG ITEMS. SAYANG LANG PERA KO!!! 😡
"POTEK YAN ANG GANDA SA PICTURE TAPOS NG DUMATING BUTAS BUTAS TAPOS ANG PANGET NG PRINT SIRA SIRA, SANA AYOSIN NIYO NAMAN"
Ok naman yung t shirt kaso yung print 2 laba lang tanggal na umayyy panget ng print tunaw agad yung print walang kwenta ok na sana sa t shirt sa print pumanget
nag expect ako ng maganda kase nakita koto sa shoppee budol. large binili ko kase gusto ko oversized ganda sana pamorma tas nung dumating ang lake nung manggas pero maganda naman yung shirt and print yung manggas lang talaga sobrang disappointed sayang pera 2 panaman binili ko
Ang pangit ng tela
Okay naman siya. Kaso yung kwelyo sa medium size masyadong masikip to the point na para kang nasasakal. Kahit nalabhan na masikip pa din. Hirap tuloy isuot. Yung small size naman okay na din.
Apaka haba ng nasa braso daig ko pa sakristan sa suot ko e. Hahaha 
Pang 4th order ko hindi maganda pagkakatahi sa round neck nadismaya ako INSPI fan pa naman ako kakainis error
Sabi may glitch daw sa sytem out of stock na daw ang item tapos iba ang pinadala bigyan na lng ng keyholder na ampangit din nmn. It's my 2nd time na sana umorder sa shop na to kaso pambihira. Nag update sana kayo bago kayo mag padala ng maling item. Bwesit.
Nag dikit- dikit yung print sa likod.
Isang laba tanggal agad
sobrang ganda po nagustuhan ng asawa ko😍 sana may available po na white.. thank u din po kay kuya na ng diliver😊
haba masyado ng manggas..
Parang minadali lang ata ang pagprint ah. Nakakadismaya naman. Mataas pa naman expectations ko dahil maganda yung previous na binili ko. Sana naman di na to maulit. Talagang nakakadismaya.
nababakbak ung pintura dalawang beses palang nilabahan.
Ano ba Ang pangit Ng tila at Ang laki laki ng damit Hindi man lang magagamit
Di gaano maganda yung tatak. Bitak bitak yung dumating. Tagal pa dumating
They informed me that one item in my order was out of stock so they replaced it with another one. The replacement they provided was the same as what I ordered from my previous order too. Grrr. The item took more than the shopee guaranteed date of shipping date to ship out. I refused cancellation too
Ang lipi s amp
Panget nang pag kaka print
Malaki ang size kakainis😡
Panget
"a waste of money pagdating palang sobra dami na ng crack print nag msg ako agad sa knila pero sobra tagal sumagot hanggang sa nag auto received order na at diko na mareturn daw, nabahan ko isang laba lang ayan kumalat na mga print at sobrang dikit dikit na sa tela pang basahan nalang sayang pera ko."
2 items went missing 🤬🤬🤬🤬🤬🤬🤬🤬
Next time kapag may ng yari na system glitch sa inyo mag bigay kayo ng choices para makapili ng design kasi tatlong white binili ko ang dumating puro black nakaka dismaya lng kasi yung gusto ko hindi yun yung dumating
GRABE NAMAN KAYO MALI MALI ANG BINIGAY NYO SAKIN!! 4 ANG BINILI KO PERO HINDI TAMA ANG DESIGN NA IBINIGAY..AYUSIN NYO NAMAN PAG SESERBISYO NYO SA COSTUMER NYO GRAABE KAYO....SANA HINDI NA MAULIT SA IB
Kulang ng isa ang dumating sa order ko.
Reseller is very unhelpful I basically leave a comment to my order that I want Hungry for Adventure and other design but the reseller insist and very Rude not recommended to buy to this store
I AM REQUESTING FOR A REFUND/RETURN OF THIS 1 ITEM OUT OF MY 10 PURCHASE! YOU SHOULD CHECK YOUR ITEM BEFOREHAND!
Laki ng expectations ko yun pala mali yung size na binigay hindi pa maganda yung neck design!
HINDING HINDI NA AKO OORDER SA SELLER NA TO...MALI MALING DESIGN ANG BINIGAY... BWESET NAGBABAYAD NG TAMA UNG ITEM MALI...KUNG KAPITBAHAY KO LANG JNT BALIK KO TO AGAD AGAD🤬🤬🤬🤬🤬🤬🤬🤬🤬🤬🤬🤬🤬🤬🤬🤬🤬🤬🤬🤬🤬🤬🤬🤬
😥😥
Nabubura yung print humahawa low quality
I was disappointed with the shirt because the sleeves were too long. I feel like I can't wear it.
may punit agad yung tela maganda sana kaso panget kaso nasira agad pagka bukas palang
Next time pag ubos na yung stocks nyo. Message nyo yung customer nyo ano gusto nyang ipalit. Hindi yung kayo yung mamimili tapos papalitan nyo ng keychain. Para akong bumili ng di ko naman gusto. 👎
SOBRANG NIPIS NG TELA😂
Kulang po yyng order ko i payed for 2 tshirts and i recieved 1 tshirt only hindi din po macontact si seller
hindi pantay mga design amp
Ang nipis . Not contented ibang iba sa pic at sa personal
wow sobrang gusto ng anak ko.Ang ganda ng tila
"Sabi may free gift, wala namang dumating!!!"
Print not so good
Ganda pero Malaki medium ung binili ko pero large naibigay sken
"Poor customer service. I had the wrong size for the shirts, and unfortunately the seller is not willing to help/assist and declined my request for the returning of the items, so now i couldnt order again the correct size. Daig nyo pa mga mall/physical stores na may 7-"
panget ng tela mainet sa katawan
"sayang coins kase, pero di maganda yung product hahahhahahhahahdnsnskkekskksmsmnsnemnskskkekekkdkekekekekkekdnnrnnrnrnrnrndnne"
"Maganda sana yung damit kaso medyo malaki yung dumating siguro mga L or M nalang sa susunod, tsaka pangit ng design ang bilis mabura pag na gasgas lang kaunti sa ding-ding or sa pader sorry seller honest lang para alam ng iba."
Mabilis matanggal yung nakasulat
"maganda lang sa una yung tatak ng t-shirt, nakakaisang laba pa lang ako sa damit nag bakbak na kaagad yung print."
Ampangit
no comment na lang 👎👎👎
di tama yung size na dumating
chaka ng print pero keri na for it’s price
Okay na sana ung shirt. Kaso sana nilagay nyo sa description 3/4’s sleeve. 😅 mas oversized pa ung sa braso kesa sa katawan eh hahaha tagal pa ng delivery. Daig pa mga products galing china. Anyways thanks sa freebie
Super tagal ma ship. 8.8 ko pa to binili pero ngayon lang naibigay sakin. Yung tela manipis. Not worth the price. Tapos bakbak na yung ibang print. Not recommended
Tatlong t-shirt naorder ko yung dalawa mali pa. Ang layo sa napili ko kaya nag-request na lang ako ng return/refund pero sobrang hassle kailangan pa ako mismo yung mag-drop ng item at inabot ng 8 days bago ko makuha yung refund ko. Sana naman wag ibang items ibigay niyo ang hirap magbalik.
K
1 star lang may lapses sa mga tahi
Large order ko tapos dumating medium. Anliit tuloy pero ok naman yung shirt
Quality is not good.
"Ang panget ng print, tapos nalaman ko sa divisoria 120php lang sya. Kung pwede lang lagay negative star ee"
"Butas yung damit, tas di nagrereply yung seller."
Matagal na yung dating Madumi payung parcel nung dumating nkaka disappoint. Hahays
Not the wave splash design that I ordered.
Poor product quality 🤣 Hindi na pwde ma refund hindi din pwde mapalitan yung item. Eh bakit kasi may butas? Hindi ba na double check bago padala yung item. Swerte na lang ata sa mga naka order na walang butas or defect yung item. Anyway sayang ng pera. Hindi na ulet ako order sa shop na to. Thanks
"I didn't expect this from this shop with almost positive feedback 🙂 I waited for almost 10 days and this what I get, so disappointing. Not accommodating admin/seller. Order created: July 15 Order received: July 25 ❌ Wrong size ❌ Wrong item received ❌ Item shipped very late ❌ Will not order again"
Awit sa sizing napaka inconsistent
Pangit ng damit. Palyado ung print. Sobrang layo sa tunay n buhay.... Never again
subrang pangit ng items. sayang pera ko super disappointed ako sa print nya hnd naka sakto sa line nya sa likod.💀
butas po yung tshirts. haysssss
ang nipis ng tela at yung print parang natatanggal
dami na may soot. pang jejemon na.
awit sana ginagwa nyu nlng silk yung tela ang nipis
Laki Ng butas
Isang laba palang tanggal na print
Umay hindi MA ganda
Daming amutik...kkainis
4weeks bago ma deliver
Mali yung size na dumating
"Medyo di maganda print, parang ang dali matanggal"
WRONG ITEM DELIVERED! LESSON SA LAHAT SANA IF DI NA AVAIL ITEM MAG MESSAGE MAN LANG! WALA MAN LANG RESPONSE SA STORE! VERY VERY DISAPPOINTED! DI MAN LANG MAG EXPLAIN OR OFFER ANYWAY TO CORRECT MISTAKES! WAG TANGATANGAHAN HALATANG SADYANG MALI ITEM!
Di naman oversize palpak naman to. Oversize ung manggas lang hindi ung dami umay
Ano Yan iba Yung order ko dreamer gagi tulog na kayo mga wala ata kayong tulog sobrang tagal na nga nag anatay wala pang kwneta dadating sayo umay sainyo
mali ang size n diniliver medium ang order ko large dumating
wrong items!!!!
HINDI MAGANDAAAAAA!!!!! SUPER DISAPPOINT!!!!!! NAKAKAPIKOOOOOOOON
Sira naman yung tshirt sa my neck Badtrip sa tahi nyo ampanget
below expectation
ok naman yung tshirt kaso mali ang ang dumating na size kasi yung order ko medium pero yung dumating extra large:<
u said same color but its not☺️
Sobrang haba ng manggas
Sakristan yarn? Sobrang sikip sa leeg tapos ang haba ng manggas HAHAHAHA
sira na yung design sa likod pag dating
Bad behaviour of the delivery
msyadi minadali pag ka print
Okay sana yung quality kaso dumating sakin may sira ung sleeve part really dissappointed.
"ONE STAR! IT’S MY FIRST TIME TO ORDER IN THIS SHOP AND I’M REALLY DISAPPOINTED! THE TWO SHIRTS I’VE RECEIVED WERE WRONG! NEVERTHELESS, I LOVE THE QUALITY OF THE SHIRT. NEXT TIME, DOUBLE CHECK THE ITEMS FIRST BEFORE SHIPPING, SELLER. GOD BLESS YOU!"
The shipping is fast. But Wrong Itemm!!! Even the size! I'm so disappointed.
"I received incomplete parcel, asked for a refund pero naitapon yung plastic kaya hindi nairefund. Next time double check the orders before sending it out. Also sa mga future buyers, take a video while opening your parcel. Maganda tela nung shirt pero sobrang haba ng sleeves, kelangan pang itupi."
I love the t shirts! But they were not able to help me modify my 2 same t-shirt I placed incorrectly. Tried to ask assistance to their chat support to change the “the future” t-shirt to any design or color since i placed 2 tshirts of it.
unresponsive ang seller. print on shirt wasnt also great.
Wala manlang kahit na anong update? Wala manlang nag chat na hindi pala available order ko basta niyo nalang papalitan ng bago? Hindi manlang ako ininform? Almost 400 worth ng order ko ganyan kayo mag trato ng costumer niyo? Napaka basura hindi nalang nag cancel order pinag pilitan talaga ang shipm
the product quality is excellent but the seller is not responsive 🥺 1 week kami nagintay ng refund kasi wrong size yung binigay large inorder namin pero kasing laki siyang XL na nauna naming binili 😠 nagmemessage kami sa seller palagi kung kailan maapproved pero kinancel lang!!!!!
Cheap materials. Nice strategy on pictures
"Wag na kayo umorder. • matagal ma-ship out • mali color and damaged yung designs • sabi may freebie, PERO NASAN??! Deserve nyo 1 star. Grabe. Poor lahat."
"the product was no where near what i ordered. first, it wasn’t the one i checked out. very disappointing. this is the first time i received a wrong product/package. won’t order again."
PUNIT NUNG DUMATING SAKIN YUNG ITEM. WALANG KWENTA.
"oversize ung sleeves. pero ung length nya bitin kaya di pa tlaga sya oversized. pang babae lang tlaga, not recommended. sorry."
Wrong item delivered. I requested for return peru walang nangyari. Next time double check niu item before sending. Sayang pera at sobrang nakaka disappoint 👹
"I ordered 3 shirts, one of them isn’t even the closest thing to the right design. The print on the sent items were so-so. Not particularly good."
Bat naman po ganon in order ko is XL dinating sakin Large why naman po? Naliliitan po aki eh
Panget ang layo ng nasa pic at sa actual
"wrong size, wrong design."
"SANA MAN LANG NAGBIGAY KAYO NG PICTURE BAGO NYO GI SHIP KASE UMAYYY TALAGAA, PARANG LONGSLEEVE NA ANG XL 😭😭"
Pangit yung tela nya.kala ko ang ganda.tapos yung white daming dumi.mainit yung tela
cheap quality
Ayos na sana eh pero mali ung order na binigay nyo sabi nyo sa letter na out of stock ung gusto ko ayos lng sana kung chinat nyoko para napalitan ko ng gusto ko hindi yung kayo nalanag namili ng shirt na hindi nyo alam kung gusto ko kase sayang pera ko e hindi ko nmn gusto ung damit
Malaki
"Nakakaputangina lang kasi mali yung item na dineliver nila ang tagal ko naghintay, NAGBABAYAD KAMI NG TAMA TAPOS MALI IPAPADALA NIYO GAGO BA KAYO?! TANGINA NIYO LETCHE! MALUGI SANA KAYO!"
kawawa
After ko malabhan natanggal na yung print. Sayang bayad
Napaka sa braso pang gangster yata to ih. Ung white na binili kong isa ganon dapat at size. Etong itim parang pang gangster ih haysss. May naka lagay pa na 7days return hindi pala totoo.
Yung tela mainit tapos yung print naman minadali kaya sira sira yung akin
Parang jacket
"Sana double check nyo muna bago kayo magdeliver. Hays! Sayang pera ko sainyo, punit at ang panget ng pagkaprint. Sobrang nakakadismaya. Di na ako makakaulit. "
Kumatas yung tela ng black. Nagka stain/nahawa ang ibang damit. 
nakakahiya ipang porma! panget ng print tas hindi pa nag rereply si seller sa mga chat ko 1 star lang bibigay ko kung pwede pang 0 star yun nalang bibigyas ko. maganda ung damit pero ung print sagwa panget may butas butas pa hindi ko alam kung ayun ung design nya. panget!!!! tas tagal tagal dumating
Ganda nang dumating..hawig sa order ko.👎😤..good luck.
Wrong size ang order ko!!
"Seller bakit isa lng yung dumating dalawa yung inorder ko, wag na po kayong umorder dito isa lng yung dumating sa akin ehh dalawa ang pinagbayaran ko "
"Patay gutom yung seller! Malasin ka sana habambuhay! walang kwenta Pangit ng item di okay sizing loose shirt pero di naman okay compare sa ibang nabibili ko, pangit din print nagdikit dikit sa pagkatupi.Di bagay ung size ng print kasi mas maliit. Maliit din ung sa leeg."
Order ko XXL Dumating extra large scam wag ka bumili dito bad quality to
Tangina kulang na lang di ako makahinga sa liit ng butas dun sa leeg na part. Tapos incorrect yung size. Di legit size chart
Maganda naman sobrang laki lang sleeve nakiusap ako na kung pwede ireturn kaso ayaw ng seller.. doina den naman mabibili to kaya sa susunod large nalang kukunen ko
Sobrang nalalalumo ahahahha ang ganda ng quality ng damit pero ang pangit ng printing
Subrang lalaki ng sizes .
May damage kawawa bodega niyo dinadaga kadiri
butas butas yung print
Hinde better kasi di ko marefund lintek na giatay🙂 kahit exchange lang sa ibang size bawal baguhan lang ako dito sa shopee pero ganyan pala kalakaran dito hay naku🤦🏻‍♂️
Poor customer service 
"wrong size, unresponsive. defective prints."
Cuz mali naman item na binibigay .
"na-disappoint ako sa sizing nila. sinukat ko naman sa medida, pero ang liit pa din hays. ipangreregalo ko pa naman sana to, ang ending ako nalang ang gagamit. nakakahiya sa pagbibigyan 🙂 first time ko dito, AT HINDI NA AKO UULIT!"
Honest review i really hate the print hindi pulido pag kaka print and feeling ko once ko lng malaba ma wawash off yung print nya and yung sleeves nya sobrang konti nlng long-sleeved na tyaka medyo manipis din yung tela sana nakinig nlng ako sa ibang reviews dito btw buy at your own risk.
Pangit nagdidikit dikit yung print tas pag tinanggal mo wala na sira na. Nireklamo ko na kay seller. Binigyan naman nila ako ng discount on my next purchase pero di ko naman magagamit kasi wala nang next purchase. Pangit naman. Sorry ha very disappointing lang kasi.
Xl na binili para oversized pero ang malaki pang yung sleeves. Yung haba ng shirt parang naging normal shirt lang. Waste of money.
Mali po ung binigay ng seller po ... Ok naman ung tila at saka print nila manipis lang
"2 star lang kasi bakit yung pintura ganun, masyadong dikit dikit pa yung mga pintura, nakakatamad lang ba umorder ulit, basa pa yung pintura kaya nag ka butas butas saka dikit dikit malala, ang panget ng natanggap kong item, pero mabait yung delivery boy, kaso panget na ng tshirt na dumating."
"Manipis lang yung tela and prang paint lang yung tatak expect ko pa nman is maganda yung quality ng damit, thumbs down 👎"
okay namn yung tshirt kaso yung size is medyo malaki pero maganda give ko muna 2 kasi yung size hindi magkapareho yung size ko medyo malaki kaya hindi ko magamit yung tshirt
sleeve too long but has short tee
Doble XL napo ata pinadala nyo!
MEDUIM PO INORDER KO..LARGE PO DUMATING 🙄🙄🙄
ang laki po ng mangas sa may braso na damit
the sleeve is too long
Sobrang haba ng sleeve parang kapote na.
"I ordered a terno in gray but the seller told me na last stock na sadly it has a damage. They said that it is a store policy that in cases like this what they do is change the item or change its color. I got red terno. They add a token but look how they put it inside the plastic, basta lang binutas"
"The ""yinyang"" that i ordered was replaced with ""the future"" I'm very disappointed"
"My 2nd order, di ko nagustuhan yung pinalit nilang shirt. Nextime ipakita muna sa buyer yung design na ipapalit. Ang pangit nung binigay na design sakin. Disappointed ako. Feeling ko sayang pera."
"Yung pagkakaprint magaspang, wag naman sana yung ilang beses palang malabhan magtatanggalan na kahit i hand wash kse parang eto yung pag nabasa lumalambot yung print nadudurog.Nag try lang ako kala ko kse kapareho lang ng print nung inoorderan ko.Pero okay naman yung size tsaka makapal ang tela. Ty"
Di pantay pantay ang size
Umorder ako nung worth 300 pesos pa tapos malaman laman ko 199 nalang ngayon! Wow
isang beses ko palang nilabhan natatangal na agad ying ink sayang 200 pesos
Manipis
the 1st delivery was tagged as buyer not reachable..eh wala namang txt or tawag from rider.. next delivery go go rider is sarcastic.😥😠 well as for the product quality is good..👍
or me bumaba yung quality ng tela ng shirt compare sa mga unang nabili ko. Before double yung tahi and naninipisan nako sa tela. Nagdadalawang isip tuloy ako kung tuloy ko pa icollect yung ibang design haaay 😞😞😞
Di ako na inform sobrang laki pala ng XL kala mong xxl na HAHAHA pero maganda naman tatak nagulat lamg talaga ako sa laki at haba ng manggas
Hindi ko masyado gusto ko kasi masyado mataas neck collar parang nakakasakal
Malaki masyado yung balikat niya mahaba!
Di na kagaya dati ung tela manipis na.
Super laki nung dumating pero maganda nsman kaso super laki nga idk sino magsusuot dahil super laki talaga as in not unlike sa mga xl na inoorder ko
May butas ung tshirt :(
parang dinugtong lang yung manggas para mag mukang oversize hahaha
Not as advertised and item has damage
pangit ng pagkaprint parang minadali lang
Ang pangit nang pakakatahi nya sa kwelyo then super bilis nya dumating
Not worth it
"Ang panget ng tela, ka disappoint dzai. Ano bang size yung makapal yung tela seller? Yung small nyo kase manipis ih."
Mali ako pili ng size malaki yujh XL sayang ganda design e
Good product quality Poor delivery services Antagal bago dumating😑😑😑
Meron stain sa tabi ng print and hindi siya washable. Maganda na sana e pero my stain.
Nakakadisppoint grabe may pagkabumpy yung pagkakaprint sa likod iyah excited panaman ako ganito nareceive ko
too big for me ☹️ but i guess the fault's mine. so far the quality is good along with the design and all.
sobrang laki pala
Ang lake dzaii PARANG kapre mag susuot
Pangatlong bili ko na dito kaso nadisappoint ako this time kasi di man lang nagsabi na di pala available yung design na napili ko. Nagdesisyon sila agad na palitan ng design ng walang abiso. Ending binigay sakin katulad nung Una kong nabili. Sayang pera.
Medium inorder ko dumating large Haysttt ka dismaya
Mainit.
"have ordered 4, and one of them have damage, defeats the convinience of buying online. walang quality control, kung ibabalik super hassle, they tried to offer 30 voucher for nxt purchase but since i won’t purchase again wag nalang."
May damage yung print. :((
"Di maganda yung print sa likod tas halatang halata syang madumi siguro ilang labahan lang to matatangal na yung print, ok yung shirt pero yung print lang"
Mga Bossing ginawa niyo naman akong sakristan sa haba ng manggas neto di niyo pa gonawang long sleeve gusto ko sana yung design kaso kakadismaya sa haba ng tela neto
Medium pero Large binigay
Yung sleeve nya ang oversize.ok nman yung tela
hapit na hapit sa leeg parang turtle neck ampeg hahaha bat ganorn??? 😭😆
Di namn to yung design ng t-shirt na inorder ko/this is not exact design of my order. ☹️😢
Sobrang bait talaga ng mga nagdedeliver kaso nga lang yung product hindi ito yung ineexpect ko eh they did not hit my expectations.
poor quality of design
ayos na sana kaso kolang yung binagay na order
Wrong item. Pinalitan ng ibang design and kulay due to system glitch daw. Pinalitan ng white. I don't wear white. Sana nag message muna si seller para makapamili ng ibang design. Meron din kasamang keychain as token.
"bakit ganun ang tela iba yata , kesa sa una kong naorder ... unang order ko ang ganda ng tela pero bat ngauun iba ang nipisnat mukhang madaling matanggal ang print ,hahahhaha"
Hindi ko gusto. Mas maganda pa yung nasa baclaran
liit ng size di tugma sa sizing
"Isa lang sa damit yung tamang pinadala, so dissapointed"
"Ampangit ng tatak nya. Nakaka disappoint. May mga black holes at lukot yung tatak, as you can see sa pic. Siguro tiniklop agad yung damit kahit hindi pa tuyo yung tatak. Thumbs down. Won't recommend to anyone. "
Langya yan ang ganda sana bitin lng yung haba ehh oversized daw bitin naman partida xl nayun pede ba ibalik yun langya yan
Ibang design yung dumating 😔
natatanggal yung print sa shirt nag babakbak
"Eto yung tshirt na bawal labhan, maganda sya pagka order pero natatanggal print agad"
Wrong item 🙄
ang banas ng tela hayss🤧
Wrong item
order small but the size of this is like XL it's too big :(( but the good thing is i order this yesterday and it came today.
The design has a damage.
Wala akong masabi Sana ka value manlang nung isa yung pinalit🙂
mainit tela oversized pero bitin 
liit ng butas ng neck nya huhu
Ang haba ng mangas
"Nakakainis po. LARGE pareho order ko para talagang oversized tapos ung JUNGLE naging MEDIUM. 😒 Sana nainform man lang me. Not again. 😌 Yung quality is OK eh kaso just like sa mga bumili na, natulad ako sa kanila na iniba ung size 😡"
Maganda sana yung shirt kaso SOBRANG BULOk ng customer service. Wala na raw yung isang order ko so pinalitan nila kasi may “auto-replace” policy daw sila without even asking their customers. Kaya nga po may chat function para i-consult niyo muna kami hindi yung kayo magde-decide para sa’min! 😡
I received the wrong item pero ok lang andyan naman ang twice 😍 naneun alcohor free gundae chirrae!! Masshinggae nanneo chamunnea
1 star kasi naasar ako dun sa seller! Dito pati samin! Nakakaasar yung mga nagdedeliver hapon na bago dumating! Buti payung lazada! 9 am palang dinideliver na! Pero maganda yung damit! Parang tela ng manila
2 item yung inorder ko pero iisa lang ang dumating.akala ko manipis lang yung tela nung damit kasi ung oackaging nya tlgang aakalain mo na manipos yung tela kasi 2 yung binili ko then pag bukas ko ng package ayun 1 lang pla yung laman.1st time ko pa naman bumili sa store na ito then ganito ang exp.
XL order ko S dumating sakin.. wag kayo oorder dito! Loloko seller!
"Im so dissapointed po. Kasi wrong size po nadeliver saken .Ilang beses na ko nag.order dito dahil sobrang ganda ng damit at recommended talaga. Tapos nadissapoint lang ako kasi mali ung size napadala saken, Ang mahal mahal ng binayad ko tapos wrong size lang napadala saken."
Habang tumatagal pataas ng pataas yung price nila from 119 to 149 pamahal kayo ng pamahal dipa maayos kausap seller wag na kayo bumili dito next time tataas nanaman price niyan! 119 lang yan muramura lang naman ng tela!
Diko narecieve yung item Ko kasi iba yung tao naka Receive 😡🤬
may butas sa likod
"Ang tagal na nga dumating, mali pa yung size na diniliver. Sinabihan ko naman YUNG seller na mag chat bagO i ship out. TATLONG MEDIUM NA SIZE ANG ORDER KO,YUNG DUMATING 3 LARGE. ANO YAN PALADESISYON. NOT RECOMMENDED."
Sobra nipis ng tela 😑
‼️‼️WRONG SIZE AND WRONG COLOR‼️‼️
Garbe Naman paki check Naman po Yung quality po ng damit Kung may sira ba o Wala hay Nako garbe Ang laki ng butas!
Ang bagal ng deliver
Isa Lang inorder ko. Pero dalawa dumating. Ayusin mo Naman! Na doble bayad ko.
Wag kayong bumili dito 24 lang legth ng small pero naka lagay sa chart 26 daw amp subraang liit
wrong model tama naman clay and medium pero hindi oversized sana sinabi muna na papalitan magkaiba kasi ng price yan eh binigay sakin round neck shirt refund please hindi sapat voucher pangalawang beses na to nung una pinaltan din order ko dahil walang ganon color pero hinayaan ko nalang.
I got the wrong colors and they're definitely not oversized shirts. 😡
Sobrang laki ng xl akala ko same length dun sa size chart pero nung pagdating sobrang laki pala hmp
"They have this thing called AUTO REPLACE POLICY‼️ Malalaman mo lang na pinalitan pala, pag nasa iyo na yung item. Wag ka mabahala! Wala silang time i-update ka about the item BUT maglalagay sila ng keychain pampalubag loob."
Bwiset ang baho ng damet. Nung dumating napaka baho di ko pa nga nagagamet kase baho. Dalawang beses ko ng nilabhan mabaho pa dn amoy goma ampt. Kaht ibabad mo sa downey ng 1 taon ayaw mawala ng amoy eh takte yan.
Wrong color
Wrong size Yung white..then bibigyan ka nila ng offer na voucher pero Yung voucher Hindi magamit for your next purchased.
"Napaka bobo, pagdeliver dun palang pinaalam na ibang kulay ipapadala, Di maeunung magchat ang seller, BASTA MAKABENTA LANG DI NA MAGRERESPETO, SANA KINABIT NYO PILIAN NYO NA RANDOM COLOR IPAPADALA NYO, TATANGA"
Wrong SIZE!!!!!
I'm so disappointed... I ordered 3 different colors but received 1 color...imagine 3 t-shirts with 1 color... u did send us freebie a key chain to compensate ur mistakes...
I bought khaki pero rusty nnmn ung dumating. So disappointing
Hindi maganda. Hindi siya dark brown more on red brown to dami ko na na try na brand na dark brown eto lang ang mapula. Wala ding palette instead eyebrow shaper ang nandito. Sobrang daming napupump tapos hindi na maibalik sa lalagyan kaya sayang. 
"This is the first time I bought on your store but unfortunately i received a product that doesnt work. The pump of your tinted brow gel is not working. I need i refund for this item. How can i use it, if its not working. So disappointed on your product. I need refund."
Not working po yung pump. Wala man lumalabas n gel.
im so dissapointed i couldnt recieved the free products you promise in 11.11 
"Kakareceived kolang ngayon nakaioang pump nako ayaw tlaga lumabas ng product, ayaw pa sumagot nung seller nakakainis namn! "
Hello po mali po dumating di po brow gel order kit :(
Nawala ng rider yung parcel ko🥺 panu kaya yun?
Open parcel 😩😩😩😩
maganda sana kaso damage yung eyebrow brush.. yun sana ang pinakaimportante.. wala din silang reply.. Customer service sucks big time! sasabihin lang nila na computer system daw sila
Items are used. Yung brushes may mga natirang tint mismo then yung sa bottle ng item halatang napump na siya.
"second time to order but this time kulang ang items. isang brush lang instead of two kasama ng eyebrow gel, yung importante pang brush tip ang wala. :("
WALANG KWENTA YUNG NAG DELIVER NAPAKA BASTOS
"I don't recommend this item. NAKAKADAYA sobra liit compare sa picture. I understand differences sa picture that there might be little and smaller but not like this , it's absolutely different, tingnan Lang nyo. Ang haba Ng brush sa note at compare nyo dyan pa Lang Kita kitang ,, "
"All I can say is ""This is my last order from your company"". I wasted so much time, waiting when the credit will apply. You promise the credit yet it didn't happen. I will never ever buy any of your product again. This is a bad practice and I hate wasting my time. Don't believe with them. #hate"
"I was excited to try it... But I ended up with a dry item... It just made me sad... I tried to shake it, to push the pump but there's really none inside... Wasted my money on this but still thanks for the brushes with it and the pan... Those I can still use..."
item received good but the delivery driver was so rude. I just want to file a complaint against the driver. This should not be happen to any customers! 
Delivery took a very long time. Order was placed last Feb. 21. It was delivered March 9. -Ewan ko lang pero parang may kulang na takip para sa shaping brush. -Ok naman yung nagdeliver. Ang tagal lang dumating. 
One star lng kasi ang order ko kasi ay #2 dark brown pero ang dumating is blonde #6 kaya very disappointed po ako😥
Nakaka lungkot naman kasi expacted ko na may taotlo akong sponge na free gaya ng nasa picture pero sad to say walaa talaga huhuhuhuhuhhu tapos akala ko malalaki yung mga ito hindi pala hehehehehehehe pero excited nako gamitin ang mga ito para sa mga mimakeupan ko hihihihihihihi will order again. Tha
Pls.send my order! U just send one item! Its been a month!! 
Damaged / Defective item. hindi mapump then when I open the item I found out that there's no small hose kaya pano sya mapapump e wala nga hose. kaya pala nakasale defective. tagal na nga dumating sira pa. sayang pera!!
Natangap ko na Yung order. Tapos pagbukas ko sobra liit. At sinubukan ko naman agad kaso Lang. Bigla ako nagulat hahaha..akala ko ba long lasting??? Bakit na bubura😒🤨 at saka akala ko ba may free. Yung pala at Wala.
"Seller yan ung pinadala mo.anong gagawin ko dito tuyo parang pintora walang silbi,walang pakinabang😡😡 nagbyad ako ng tama tapos hindi ko rin magagamit anong gagawin ko dito.ikaw kaya nasa sitwastyon ko dba.dbale sna kong mapakinabangan kaso hindi eh .wag nyo lukohin mga buyer nyo ng hindi madala😠"
I Ordered two eyebrows with different shade but I only receive one item. I’ve waited two weeks for that. Seller is not active. Don’t ever buy in this shop. They want me to order again so that they can ship the pending order but i doubt . Hope your business lasts! 😡
Fake di siya waterproof at pangit gamitin
Brushes should have 1 for filling and 1 for shaping. I received 2 for filling brushes and no shaping brush. Disappointing! 
Hindi waterproof scam kahit mura lang sha sana di nyo nilagay na waterproof
Item shipped very late Rude seller Walang laman pinadala Nakakabadtril ang tgal n nga lng deniliver tpos wla plang laman 100x ko ng pinipindot wla tlga 😡😡😡😡😡
've rated u 1 star because the is i received was not may order..my order was dark grey but send send dark brown..!!!be responsible and honest for being a seller..im so dis appointed!!!
"Ang tagal hinintay tapos pagdating sakin ayaw gumana ng pump. Sala kasi yung pinaka-straw sa loob or idk what u call that thing, lol. Sayang :("
Bakit gnon tagal kong hinitay . 12:12 ko to binili so my discount pa dmi ko. Nabili sknila napaka panget napaka liit lng kala mo laruan nakaka inis ndi worth the price . Nxt time d na ko oorder dito nakak disappoint
"Easy to apply and nice ng pigment, but mabilis siyang mabura and pagka-apply ko may mga nalagas na hair :< wala talaga ko tiwala but gusto ko itry kasi nagsale at napapanood ko sa fb sa makeup tutorials. "
Nakakainis kasi walang brush yung dumating sakin 😭 buti na lang meron akong mga extra. Hays. Nag expect pa naman akong complete siya pero so far yung product okay naman wala lang talagang brush
WRONG ITEM!!! 😠😠😠😠 INCOMPLETE ITEM... SELLER SCAMMER KA. HINDI PA NAG RERESPONSE SA MESSAGE ERESPONSABLING SELLER. 😡😡😡😡🙅🙅🙅🙅🙅🖕🖕🖕🖕🖕🖕🖕🖕I'M SO DISAPPOINTED. KULANG YUNG DUMATING AT MALI YUNG IBA. WALANG EYEBROW KIT SA ORDER NA DUMATING. ANO BA YAN. 
Even tho they refunded my missing item .. still 1star for the hassel and stress they've given me .. ordered jan.28 recieved it on march.2 .. can you imagine ?!
nasira agad yung metal hindi rin lumalabas yung brow gel kahit anong pump ko. 
its only empty bottle.try to contact seller but too late to responding. 
"Magkapareho lang yung Brush akala ko magkaiba ung Dalawa ,"
How come the courrier asked for COD when I already paid the product even before it was shipped?!! 
"Nadismaya ako,d ganun kaganda"
Im not satisfied.. The color is not gud.🙄😣
my package was opened already when i received it. and it doesnt have my order 😰 the package is empty. 
Sira hindi lumalabas kahit pindutin ng sobra ekis. Hindi magamit tssl
Ang liit pala
Napakatagal ng delivery. Para kang umorder sa ali 😑
"Wala brush , wala rin ung finger holder. Sobrang tagal pa bago madeliver. Excited pa naman ako buksan. So disappointed..."
Item different from picture Item different from picture Item different from picture Item different from picture Item different from picture Item different from picture
Did not receive order and I payed via shopee pay. What a waste of money
Napakaliit nmn nito lol... 
PUMP NOT WORKING ☹️☹️☹️☹️
walang foam anu ba yan
Bad customer service!!!! Do not buy!!!
Kinancel ko na still nag push through yung item kainis
1 star kasi sobrang bagal ng daloy ng transaction
Mas bet ko pa din talaga ang pencil kaysa gel for my brows.
Wala man Lang update na may dadating na product I already cancelled the item yet you deliver parin this is not funny 😤😤😤😤😤😤😤😤😤
Subrang liit sa personal
kulang ang items wag na wag na kayo oorder dito sa shop na to😤👎👎👎
Delivery takes 1 month!
How to return this?
"Dissapointed, i got the same brush...😏😏"
ordered 2 item. The other 1 is reject
I can't receive products..
There is no brush? I thought it has a brush!!!!🙄🙄🙄
Didn't received anything!
Ano to lokohan? Eh wala nmang dumating n product sa akin
Super liit
Kulang kulang. 
Doesn't work. We agreed to send replacement instead since returning is too hassle but no product is shipped. Too bad. Worst experience
JUSQOOOOO KAYA PALA GANUN DISCOUNTED KASI MALIIT LANG PRODUCT NA IBIBIGAY. SOBRANG NAKAKA DISAPPOINTED. ANG UTAK DIN
"The Eyebrow gel I ordered shade Dark Grey is half the bottle already when I pumped the first drop of product. Whilst the Dark brown shade only needed 2 pumps for the first drop of product to come out. The post also said, I'll receive sponge for each Eyebrow gel, and I only received one."
"the bottle is small but i can't use them since there's something wrong the fluid can't go through its container u don't know i just throw it away anyways since waste of time and we don't even know how to open it anymore , there is no seal or lock that we can twist saying so we have take care of it "
"I read reviews in their ratings and there are people who said they receive less freebies as they expected, so when I ordered I chatted them about that and they said I will get a freebie for each order I placed so I expected to have 3 sponges as seen on the screenshot I provided but they sent only 2"
"Took some time for this to deliver as it came from overseas (China). Not quite sure if I made the right decision to purchase because upon trying, it appears to be more pigmented than I expected and I definately had a hard time putting it on and it was a little messy? "
Mahirap gamitin. Diko sya nagustuhan.
Kulang ng applicator may kalawang pa yung lagayan ng product. Pno ko gagamitin kung wala yung pinakapang shape na applicator? 
Bakit hindi po puno yung lalagyan??????? nakakainis excited pa naman ako tsaka akala ko malaki din. hays 2 star kasi maganda naman yung brush kahit maliit din
Hindi nman sya waterproof at ung Light Brown pag apply mona sa kilay mo eh blonde na ang color nya hindi tulad nung nasa picture yung kulay
"Received ko na Ang tagal tagal dumating ..........,.!!!!!!!¡!!! Sana Naman may mga response Kayo sa mga message .!!!!"
"It took over a month for the item to arrive. I have intended to cancel it but the system doesn't support such complaints. Now that I no longer need the item, it arrived. This has been a waste of time and energy. "
"Just opened my package, Ordered two shades, one is used already, it has less contents than the one on the right. I feel cheated."
Poor quality. Does not dry quickly. Doesnt have good color pay off. Shipping took longer than expected. Well-packaged. 
i tried cancelling my first order pero as per seller na shipped-out na daw order. nadoble tuloy yung item
"I received it much like what i ordered for, i tried it right away. Idk if my skin was just oily but the product didnt last long, is not smudge proof nor waterproof. "
I received pressed powder instead of a blusher. Almost okay but the pressed powder is almost yellow. 😕
Misleading - the product is NOT waterproof and NOT longlasting. It can be easily removed by just smudging it with your hands.
Walang kwento mahigit 1 month bago nakuha wala din yung sponge na free bwiset. 
Haayyysss!! Not well packaged. Pag bukas ko ganyan na agad. Sayang lng binayad ko. Sana ayusin niyo packaging nyo. Tsskkkk!!! 
"i dont recommend it for being too HARSH on skin. It leaves uneven stains on the skin of the eyebrow that are way too hard to remove even on using an oil-based makeup remover. But, i'll give a point for the packaging and early delivery. "
Orders not complete. Did not ship missing items
"Too bad when i press to try it it's not working so, i have to find a way to open the bottle everytime i use."
Yung nasa bundle dalawang brush pero pag open ko iisang brush Lang and may pangshape ng brows
There is no angle brush included
Missing shaping brush
2⭐ kase pngit ung kulay..di xa brown tlga. tan.xa 😔
kala ko malaki ang hirap ipump hehe
I'm so disappointed super tagal dumating and the product i thought its big but i was wrong w/ that expectation.😕
Poor quality  Will not order again
Wrong item received 
"i thought it was a waterproof but when i used it .. it is not , next time paki ayos naman ng description para hindi kami mag expect."
Haha ang liit lng pla nya sa personal tas sobrang tagal dumating.. 
Nabubura nmn eh....kala q b long lasting???
"Super liit lang nang item, para lang syang tumb mo. And malabnoy po Yung ink nyan"
Disappointed. 
Poor quality
Recieved wrong item contacted the seller and they told me they'll send me the right item when I order again. Didn't bother returning the wrong item because of the hassle it'll cause me. Hoping to receive the right item next time.
"I ordered 6 items but only 1 item delivered. Im so disappointed, my return/refund product got cancelled. Please do your job properly, I keep on messaging the seller, but no process. 😡😡😡"
Very disappointing.. ung seller hindi nag reresponse sbi ko paki check items e nung na receive ko ung item ang hirap palabasin ng gel.. hay nakooo . Sayang pera ko dito tapos maliit lang 1st time ko umorder nakaka walang gana gamitin nabura na ung name dahil kaka gawan ko ng paraan para mabuksan.
wrong item yung dumating jusko. kelan pa naging pangkilay yung curler ng lashes? 🤬🤬🤬🤬🤬🤬🤬🤬
"Ok naman, kaso sabi kasi sa tiktok ai naka sale daw buy 1 take 3 kaya bumili ako pero di pala sale. 😂 😂Sabi kasi sa tiktok buy 1 take 2. Kung di naman pala naka promo dapat Alisin na ung mga ganung promotion. 😠😠😠😠😡😡😡😡😡😡😡🤡"
Pansinin nyo ung hawak ko at ung actual na pic scam lang eh mukang madaming laman pero hindi naman pala sobrang konte.wag na kayong bibili ulit.nakita ko lang to sa TikTok sabe dun tinted sya perp hindi naman na bubura din naman same lang din sa iba.
It should be buy 1 take 3 but its not true false advertisement is not good
SELLER BAKIT NAMAN KAYLANGAN PA ISULAT SA LABAS KUNG ANO INORDER KO?? HINDI NAMAN AKO ANG MAG RERECEIVE EH. NALAMAN PA TULOY KUNG ANO INODER KO JUSQ . WALANG PRIVACY??
"I order this 10.01.2021 pero dumating 10.06.2021 napakatagal tapos nong dumating nakaka disappoint . I though waterproof? Bat nabubura agad? I tested It I let it set for 30 mins bago i test pero bakit nabubura? Dipa siya smudge proof. Pati courier napaka rude, Nag iinit dugo ko."
Makapal yung free brush. Madaling mabura lalo na kung oily face ka
"Sabi smudge proof. Heheheh charot lang siya. Parang pentel pen humahawa, wag pauto. Yun lang."
I'm very disappointe
The cup on it is melted.
Disappointed ☹️ kala ko maganda saka water proof sya . Hindi pala .. sayang pera
Walang kwenta kasi sabi pag bumili ka ng isa may 3 pero isa lang pala wlanag kwenta subra kaka dissapoint!!!!
Naka lagay b1 get 3 pero isa lang dumating tssssk scam kaya ako omorder kase sale tapos nd nmn pala
Ewan ko sa inyo😤😤😤😤
not satisfied!!! dapat kung ano color yung inorder yun din ang ibigay nyo...nakakasira ng mood🤬
Parang walang laman bakit po ganun...
Wrong color
"Hindi siya original kaya wag na kayo mag expect na maganda,kung ako sa into bumili kayo ng mga original sa watsons"
Nabubura
Hindi naman siya waterproof kumakalat sa kilay
Whyyy
sabi eyebrow soap set pero ang andun lang ISANG blade ba omg kilay at ISANG napakaliit masyadong eyebrow geltint ..... napaka disappointed ... walang KWENTANG add on ang nagawa ko.... walang ka kwenta kwenta sobra........
"I received completely different items from my order. Yes, I ordered a brow gel but received a different shade. It didn't match my hair color, it was uncomf'table seeing it. They promised to send the missing item if I place an order, so I did. But they didn't bother to send the right shade of browgel"
MAY BUHOK SA BLADE!!!! Okay na sana yung pang eyebrow pero sana wag gamitin bago ideliver!!!!
"MISLEADING. When I ordered this it indicates free item. But its not included when I received it. When I informed the seller, replied is 'its not for free' then what do you mean by 'customers get the gift'?? And I can get it on my next order. Do you think I will order again with my bad experience?!!"
I ordered the eyebrow gel and look what they give to me ! Foundations and other things like oil control this is not what i ordered ! The delivery it took 2 weeks for me to recieve the product ! And this is what they give to me ! I PAY MY BILL EXACTLY AND THEY GIVE ME THE WRONG PRODUCT IT'S NOT FAIR
Pangakawang Order ko ng Ganito Hindi ko nagu
"Sana sinabi nyo na ""SET"" hindi buy 1 Get 1 , sobra excited ako akala ko apat darating sa 2 orders ko yun pala dalawa lang at hindi buy1 get tsk tsk sa mga oorder palang paalala hindi ito buy1 get1 "
i received wrong item... but they assured me to send a replacement item since the chosen eyeshadow is already sold out
Kulang ung items n sinend :( second order q p nmn.. Do not buy from this seller anymore guys.. Luging lugi.. Will never order again... Tpos si seller ndi n aq pinansin
I got the parcel 13 days after ordering the item. I tried to ask the seller to change the shade since I'd like to have dark brown and brunette but what I've received light brown and brunette . I tried to cancel the order but the seller didn't approve it. I hope that the seller must be considerate. 
"Didn't receive the item. Seller said that they will send it on my second order but according to them they weren't able to send it. Stop making excuses, I cancelled the refund because you told me that you'll send it but you didn't. "
Mali yung kulay na naibigay sakin. Pero tama naman yung # ng kahon (No.1 light brown) kase naka order na ako ng light brown kaya alam kong iba ang kulay. Kulay blonde ata yung nakuha ko. How saaaaaaad
Ganyan lang po nakabalot ndi maayos magpack sila ndi man lang nilagay sa carton..
"I don’t understand why my order hasn’t been delivered but it says na DELIVERED na daw. Ni wala nga akong hawak jusko. Di man lang ako informed kung may dadating na courier, walang update tapos magugulat nalang ako DELIVERED na daw yung status. Other couriers nga can find our address."
Nakakadisappoint yung brow gel. Full sya pagdating. Naka ilang pump ako tapos ganyan na itsura nung may lumabas. Huhu bitin siz. Scam ba ituh!Nakakadisappoint yung brow gel. Full sya pagdating. Naka ilang pump ako tapos ganyan na itsura nung may lumabas. Huhu bitin siz. Scam ba ituh!
Ayaw mag work ng pump. Can not get the product the pump is not working. The other one is working but this one doesn't.
Ang konti ng laman. 6ml nakalagay pero parang 2ml lng laman so ang mahal tuloy nya. Blendable and nice shade naman pero hindi sya smudge-proof. Hindi convenient na nakalagay sya sa pump bottle especially sobrang konti lng laman. It would be more convenient kung sa spout pouch na lng nakalagay.
im so disappointed because the content was already half. i was excited to receive this because my friend recommend it and this happen to me
Pang 2nd order ko na dito ok naman ung 1st ung 2nd order q cira agad ung inorder qn eyeshadow. So disappointing excited p nmn aq gamitin.
"Ok nman.,I was just shock kasi pipicturan ba tLaga ako wt my package..,Sabi ng delivery man Oo daw so wlang ka-abog abog pinicturan nya ako wt this."
OMG I had a sty after using this. Obviously not hygienic. I throw it away the next day. I'll never buy from sace lady ever again
Hindi pa nabubuksan pero kita naman na halos wala ng laman. 
Its a scam I pay using Shoppe pay but I dont recieve anything seller is responsive but the order didnt come
Expired. Seller do not response regarding this. Please check your item before you use. 
"It says that buy 1 gift 1 sace lady waterproof gel brow thats why i order but when i received the item i only received 1. Nextime, do not mention buy 1 gift 1 or biy 1 get 1!"
"Sacelady please tell me why is it like this🤦🏻‍♀️😭 Since the packaging is AIR PUMP umaangat sya pag pina-pump, nung itatry ko na sya it takes 6 pumps bago lumabas yung product😔 So it means hindi sya puno😭 Pero salamat na din kasi may freebies tsaka mej mabilis dumating. "
I did not receive this item instead they gave me the wrong one and the gift only... Sana may zero star nlang..SCAM yata tong seller na to
"Too misleading! Ang sabi buy 1 take 1, un pala ung take 1 na un e ung brush nya, hindi ba dapat kung ano ung binili mo, un din ung 2nd item,, dapat ang nilagay nyo with free brush.. #feelingDisappointed"
",kulang ng isang brush un bngay. Kla q ba buy 1 get 1 brush, "
AKALA KO MARAMING LAMAN YUN PALA HINDI SOBRANG UNTI WALA PA SA KALAHATI YUNG LAMAN NYA 😪
I’ve cancelled the items but the seller rejected. The items haven’t yet shipped but still the seller refused to cancel.
Lacking item and seller is not responsive. What a shame! 
Okay sa picture sa personal hindi ang liliit ng make up tools anu to pang bata jusko nakakadismaya naman kakarating lang ngayon parang gusto kung ibalik. Pati yung tinted brow gel hindi ko trip.. susubukan ko yung browgel baka palpak . Hay naku.
Kulang ang items :(( 394 pesos ginastos ko tapos kulang ung items na marereceive ko
"The item is not working, walang lumalabas na eyebrow gel when u pump it sayang pera ko hays"
Epic too liit ahaha i thought mejo bigger
Black po d brunette dumating
Wala namang kwenta okay na sana kaso hnd nmn nagddispense ung item kabwcet lng.. aayang paghhintay ko
mine came with no pump😡😡😡😡
The item did not come with the brush just like what was promised. So hard to use!
I AM VERY DISAPPOINTED ON WHAT U GIVE TO ME.U SAID ITS BUY 1 TAKE 1 BUT I ONLY RECEIVE THIS.BETTER CHECK EVERYTHING THAT YOU ARE GOING TO DELIVER. 😠😠😠😠
Misleading title. Poor quality too. Not buy one get one
My order's not complete. Please deliver it immediately. Thank you. 
Di siya parehas dun sa pic ang liit nung tinted 
Kaya pala mura box lang wala yung item. Wag na mag order dto hnd satisfying Walang item.
Not happy with the product and ang tagal pa ideliver. It took 2 weeks. Not gonna order again from this shop. 
deffective item hndi lumalabas yung laman kapag pinapump and pangit yung quality.
super tagal inabot ng 123456789 years
Pump is not working. Disaapointing.
Sobrang watery nya!!!! SAYANG PERA WAG N KAYO BUMILI! I SWEAR DI MAGANDA!!!!!!!! 😠😠😤😤😤😤
Wrong items poor service
Check first the item .
Super light brown 😭
WHAT A SCAM 😤
Its not waterproof and not 16h its fake
scam😡
Scam 
Wrong item!!!😡
This is lighter than I expected. Not good on me.
I ordered 3pcs and received only 1 pc
"Incomplete products, so dissapointed 😤"
Sayang naghintay aq ng matagal tapos wala nmn laman dissappointed
You send me wrong item ..so disappointed😩😩😩
I dont like the item
Panget sobrang liit lang pala neto mali pa tapos nakalagay may free na poam pero wala naman very dissapointed 
Bad customer service!!!! Do not buy!!!
Light brown ang order KO bakit dark brown ang dumating kainis
"halos isang bwan bago dumating, will not order again!!!"
Putol ang brush.
i didn't receive any item!!! I was waiting for the item to be shipped to me and I wasn't able to get it. So frustrating!! 
How can i used the brow if it do not have a brush???????
napaka bagal ng rider at yung brush putol
It's not buy one take one tho. I only received one!!! False advertisement......
Defective 🤬
Save buy1take1 is a lang nakuha q
irresponsible seller!
Dark grey ang inorder ko pero ang dumating brown...
Wrong shade number. Inorder ko number 4 tapos ang binigay saakin number 3. Nakakadissapointed.
Potec spooly lang yung dumating hahahahahaha
Sobrabg labnaw. Sobrang nakakadissapoint
hindi kasama yung beauty blender
Im so disappoiinted 😥
POOR QUALUTY
"LET THIS BE YOUR AWARENESS. ☹️😔 What I’ve ordered was far from what they gave. I ordered CONCEALER and LINER. They gave me MASCARA AND CURLER. Don't get me wrong, I still appreciate it but I have to be fair and honest. They said they will make way, I've waited even if they are online, no response"
edit ko lang ang pangit ng coverage mahirap i blend tsaka sobrang cakey mas gugustuhin ko nalang wag maglagay netong concealer ng sace lady nag c-crease pangit tignan 
Low quality and super small not worth it 
Antagal bago dumating tapos wrong shade pa pinadala😥😥 worth it sana sa price kaso mali yung shade na ibinigay tapos di pa responsive si seller
Tagal na nga dumating ganyan pa naku seller ayusin mo. 
"Wrong Item ang binigay niyo ang order ko ay maskara and ang binigay niyo sa akin ay liquid blush. This is my first time na umorder sa inyo and yet disappointed ako. Anyways, okay na ito nandito na. Thank you Btw"
I do not recommend this store due to dishonesty in sending the wrong variation of the product. What was shipped to me are the wrong shades. I dont mind sending back the product to the seller. Waste of time. Thanks tho.
Damaged yung item
Parang walang laman yung item nila! Nakakadissappoint😡
Its my second time i ordered to this seller and i was really upset and disappointed due to lack of item delivered. Supposed to be i can received 6 items but i only received 4 items. Where's the 2 items? The missing items are the waterproof concealer full coverage and pure handmade false eyelashes
"I recieved the items incomplite and 10 pcs of lipsticks that will expire next yr! all I tot, u send items that has 3 yrs expiration date. We are on PANDEMIC. wt f it wil last for the whole yr? hw cn i gv it 2 my relatives?if its xpired already? thinking of ds makes me sick!!! I'm so disappointed!!"
WRONG ITEM!!! 😠😠😠😠 INCOMPLETE ITEM... SELLER SCAMMER KA. HINDI PA NAG RERESPONSE SA MESSAGE ERESPONSABLING SELLER. 😡😡😡😡🙅🙅🙅🙅🙅🖕🖕🖕🖕🖕🖕🖕🖕I'M SO DISAPPOINTED. KULANG YUNG DUMATING AT MALI YUNG IBA. 
"almost 1 month bago ko ntNggap,ang masaklap,walang laman yung box.kaya nagmessage ako sa kaNla, nung una di nag reply,kya nangulit tLg ako,. nakipag ayos nmn cla,binigyan ako ng FS voucher, at coupon na same price ng concealer, kya 1star muna. mag rate ako ng 5 pag natanggap ko na. "
Lacking 1 item of my order. Didn't received the concealer. Knowing that this is the official seller. I'm very disappointed and i will not order again from this seller. I sent a message to the seller but they won't send the lacking item unless i will order again. (Duh its their fault) 0/5 stars. 🤬
Eyeliner is not waterproof even if the caption say that its waterproof. And the concealer is powdery so disappointed super disappointed 
Hindi po talaga gusto yung product na dinedeliver sakin tuyo na at di na magagamit iam really disappointed this seller have bad attitude and no response to my concern that why i never buy this shoppe very rude and no concern to the customer!!! 
"VERY DISAPPOINTED! MY ORDER WAS SUPPOSED TO BE MY CHRISTMAS GIFT TO MY SISTER, WAS HAPPY THAT THEY DELIVERED ON THE 24TH BUT WHEN I OPENED IT, I SAW NONE OF MY ORDERS, I RECEIVED THE WRONG ITEM. CHRISTMAS GIFT RUINED!!!!! "
Nakaka lungkot naman kasi expacted ko na may taotlo akong sponge na free gaya ng nasa picture pero sad to say walaa talaga huhuhuhuhuhhu tapos akala ko malalaki yung mga ito hindi pala hehehehehehehe pero excited nako gamitin ang mga ito para sa mga mimakeupan ko hihihihihihihi will order again. Tha
Natanggap kuna po item..ok naman sa packaging dismayado lang ako kasi ang liit lang pala kakaloka sobra liit ung primer at saka fullcover hindinsya ung expect kong laki 😔 ung full cover kasing haba lang ng vice lipstict ko tas di nman lahat laman..ung primer kakaloka ang liit din😣 better nalang namili
"VERY DISAPPOINTING! Kahit isang product walang tumama. Wow! A waste of money! Now what am I supposed to do with two brow gels and THREE face Powders?!!! Ugh! I ordered a foundation, a lipstick and a CONCEALER! AND THIS IS WHAT I GOT! NEVER AGAIN! GUYS, A TOTAL WASTE OF MONEY! SWEAR! "
bukas na pag open ko ng package tapos andaming scratch nung mismong item sayang pera ko buti sale ako bumili pero sana ayusin nyo will not order again plus hindi naka sealed
"Very fast delivery took them to ship from china like just 6 days. Well packaged, the problem is, I bought 2 different shades of concealers, but they sent me the same shade."
unresponsive seller does not react or pay attention to your complain... totally its your fault to shipped out the items incomplete!! ive paid full payment but receive incomplete definitely not buy again waste of money!
"Nainis ako sa rider kc di marunong kumontal at sa iba dinelever ang item ko, pinahirapan pa ako para kunin sa iba ang item, ayaw ko na sana kunin eh dahil sa mali nyang ginagawa.. Kaya para sa rider dapat sa kanya wlang star"
"Ang panget ng item parang divi lang yung make up okay naman kaso parang laruan sa sobrang liit ng mga item, akala ko na pamura ako na pamahal pala ko sa item pati kulang yung pinadala walang liquid eye pero doble yung concealer. I never order again. "
Bakit gnon tagal kong hinitay . 12:12 ko to binili so my discount pa dmi ko. Nabili sknila napaka panget napaka liit lng kala mo laruan nakaka inis ndi worth the price . Nxt time d na ko oorder dito nakak disappoint 
Sobrang tgal dmating ng items nyo nkaka bwesit.....halos 10 days....😠😠
OMG this is the yellowest concealer I have ever used. I can’t even use this it is super yellow. Waste of money.
Incomplete item delivered and the seller dispute my refund.. Good thing shoppee approve my request and credited to my acct.. I will never order again to this shop. 😔😒😑
Kulang yung products na dumating sakin. And yet wala paring response. Sayang lang binayad ko! Very dissappointed. 
Sayang pera wag na bumili dito misleading Yung freebies nila
Mali yun pinadala niyo nag sayang lang ako ng pera 👎👎👎👎👎
I didn't receive the right tone of my color my order is 2 warm ivory but 3 was came so embarrassing 🤬
The quality of the product is not good. It has a burning feeling as I have applied it. And it takes very very looooong time before it set Mahapdi sya sa mukha. Mahapdi sa balat
Bat naman ganon tuyot na yung laman 4weeks ko pa naman hinintay tapos ganon lang din pala nakaka dissapoint 
The item looked like it's already used
I didn't receive this product ☹️
Incomplete item delivered and the seller dispute my refund.. Good thing shoppee approve my request and credited to my acct.. I will never order again to this shop. 😔😒😑
Kulang yung products na dumating sakin. And yet wala paring response. Sayang lang binayad ko! Very dissappointed. 
Sayang pera wag na bumili dito misleading Yung freebies nila
Mali yun pinadala niyo nag sayang lang ako ng pera 👎👎👎👎👎
I didn't receive the right tone of my color my order is 2 warm ivory but 3 was came so embarrassing 🤬
The quality of the product is not good. It has a burning feeling as I have applied it. And it takes very very looooong time before it set Mahapdi sya sa mukha. Mahapdi sa balat
Bat naman ganon tuyot na yung laman 4weeks ko pa naman hinintay tapos ganon lang din pala nakaka dissapoint 
The item looked like it's already used
I didn't receive this product ☹️
Incomplete parcel 🤬🤬🤬
sobrang liit ng primer!
